,Player,Wikipedia_position,Vetted_position
0,Stanley Matthews,"
Outside right",forward
1,Alfredo Di Stéfano,"
Forward",forward
2,Raymond Kopa,"
Attacking midfielder",midfielder
3,Ferenc Puskás,,
4,Lev Yashin,"
Goalkeeper",goalkeeper
5,József Bozsik,"
Central midfielder",midfielder
6,Ernst Ocwirk,"
Midfielder",midfielder
7,Sándor Kocsis,"
Striker",forward
8,Thadée Cisowski,"
Striker",forward
9,Ivan Kolev,"
Midfielder",midfielder
10,Billy Wright,"
Centre half",midfielder
11,Julinho,"
Right winger",forward
12,Stefan Bozhkov,"
Midfielder",midfielder
13,Duncan Edwards,"
Left half",midfielder
14,Gerhard Hanappi,"
Midfielder",midfielder
15,Robert Jonquet,"
Defender",defender
16,Miguel Montuori,"
Midfielder",midfielder
17,Pepillo,,
18,Juan Schiaffino,"
Attacking Midfielder/Forward","forward,midfielder"
19,Eduard Streltsov,"
ForwardAttacking midfielder","midfielder,forward"
20,Campanal,"
Striker",forward
21,Bretislav Dolejsi,"
Goalkeeper",goalkeeper
22,Roger Piantoni,"
Inside-forward",forward
23,Kees Rijvers,"
Midfielder",midfielder
24,László Kubala,"
Striker",forward
25,John Charles,"
Centre-forward, centre-back","defender,forward"
26,Tommy Taylor,"
Centre-forward",forward
27,Igor Netto,"
Midfielder",midfielder
28,Gyula Grosics,"
Goalkeeper",goalkeeper
29,Francisco Gento,"
Outside-left",forward
30,Miloš Milutinović,"
Winger, Striker",forward
31,Danny Blanchflower,"
Right-half",midfielder
32,Johnny Haynes,"
Inside forward",forward
33,Horst Szymaniak,"
Defensive midfielder/Box-to-box midfielder",midfielder
34,Kurt Hamrin,"
Winger",forward
35,Ladislav Novák,"
Defender",defender
36,Helmut Rahn,"
Wing forward",forward
37,Just Fontaine,"
Striker",forward
38,Harry Gregg,"
Goalkeeper",goalkeeper
39,Nils Liedholm,"
Attacking midfielder",midfielder
40,Colin McDonald,"
Goalkeeper",goalkeeper
41,Gunnar Gren,"
Forward, Attacking midfielder","forward,midfielder"
42,Vujadin Boškov,"
Right winger",forward
43,Valentin Ivanov,"
Midfielder",midfielder
44,Bengt Gustavsson,"
Defender",defender
45,Luis Suárez Miramontes,"
Inside right / attacking midfielder","forward,midfielder"
46,Bruno Nicolè,"
Forward",forward
47,Lennart Skoglund,"
Left winger",forward
48,Orvar Bergmark,"
Right back",defender
49,Giampiero Boniperti,"Association football careerPosition(s)
StrikerYouth career1944–1946
JuventusSenior career*Years
Team
Apps
(Gls)1946–1961
Juventus
443
(178)National team1947–1960
Italy
38
(8)1950
Italy B[1]
1
(2)
* Senior club appearances and goals counted for the domestic league only",forward
50,Agne Simonsson,"
Striker",forward
51,Lajos Tichy,"
Striker",forward
52,Yuriy Voynov,"
Midfielder",midfielder
53,Dezső Bundzsák,"
Striker, midfielder[1]","forward,midfielder"
54,Georgi Naydenov,,
55,Titus Buberník,"
Midfielder",midfielder
56,Joan Segarra,"
Defender",defender
57,Flórián Albert,"
Forward",forward
58,Uwe Seeler,"
Striker",forward
59,Antoni Ramallets,"
Goalkeeper",goalkeeper
60,János Göröcs,"
Midfielder",midfielder
61,Ken Jones,,
62,Roger Marche,"
Left back",defender
63,Bobby Charlton,"
Attacking midfielderForward","forward,midfielder"
64,Omar Sívori,"
Forward",forward
65,Borivoje Kostić,"
Left winger, centre forward",forward
66,Joseph Ujlaki,"
Striker",forward
67,Bobby Smith,,
68,Jimmy Greaves,"
Striker",forward
69,Luis del Sol,"
Midfielder",midfielder
70,Károly Sándor,"
Right winger",forward
71,Dragoslav Šekularac,"
Attacking midfielder",midfielder
72,Antonio Angelillo,"
Inside forward, midfielder","forward,midfielder"
73,Blagoje Vidinić,"
Goalkeeper",goalkeeper
74,Erich Hof,"
Striker",forward
75,José Águas,"
Striker",forward
76,José Santamaría,"
Centre back",defender
77,Josef Masopust,"
Midfielder",midfielder
78,Mikheil Meskhi,,
79,Germano,,
80,Viktor Ponedelnik,"
Striker",forward
81,Denis Law,"
Centre forward",forward
82,Max Morlock,"
Forward",forward
83,Horst Nemec,"
Forward",forward
84,José Augusto,"
Winger",forward
85,Slava Metreveli,"
Winger",forward
86,Costa Pereira,"
Goalkeeper",goalkeeper
87,Gert Dörfel,"
Striker, winger",forward
88,Lucien Muller,"
Midfielder",midfielder
89,Norbert Eschmann,"
Midfielder",midfielder
90,Pierre Bernard,"
Goalkeeper",goalkeeper
91,Rudolf Kučera,"
Forward",forward
92,Mário Coluna,"
Midfielder",midfielder
93,Eusébio,"
Striker",forward
94,Dumitru Macri,"
Central defender",defender
95,Karl Stotz,"
Defender",defender
96,Gernot Fraydl,"
Goalkeeper",goalkeeper
97,Charles Antenen,"
Forward",forward
98,Jimmy McIlroy,"
Forward/Attacking Midfielder","midfielder,forward"
99,Karl Koller,"
Midfielder",midfielder
100,Karl-Heinz Schnellinger,"
Left-back / Sweeper",defender
101,Jef Jurion,"
Winger",forward
102,Gianni Rivera,"Association football careerPosition(s)

Forward
Attacking midfielder[2]
Senior career*Years
Team
Apps
(Gls)1959–1960
Alessandria[2]
26
(6)1960–1979
AC Milan[1]
501
(122)Total

527
(128)National team1962–1974
Italy[4][5]
60
(14)
* Senior club appearances and goals counted for the domestic league only","forward,midfielder"
103,Milan Galić,"
Striker",forward
104,Andrej Kvašňák,"
Attacking Midfielder, Forward","forward,midfielder"
105,Luis Del Sol,"
Midfielder",midfielder
106,André Lerond,"
Sweeper",defender
107,Ernő Solymosi,,
108,Viliam Schrojf,"
Goalkeeper",goalkeeper
109,Joaquín Peiró,"
Midfielder",midfielder
110,Ezio Pascutti,"
Forward",forward
111,Christopher Brooke,,
112,Giovanni Trapattoni,"
Centre back, defensive midfielder","defender,midfielder"
113,Paul Van Himst,"
Forward",forward
114,José Altafini,"
Striker",forward
115,Harry Bild,"
Striker",forward
116,Robert Herbin,"
Defender, midfielder","midfielder,defender"
117,Cesare Maldini,"
Defender",defender
118,Ake Johansson,"
Defender",defender
119,Manfred Kaiser,"
Midfielder",midfielder
120,Metin Oktay,"
Striker",forward
121,Svatopluk Pluskal,"
Defensive Midfielder",midfielder
122,Amancio Amaro,"
Outside right",forward
123,Mario Corso,"
Winger",forward
124,Valery Voronin,"
Defensive Midfielder",midfielder
125,Ferenc Bene,"
Striker",forward
126,Jean Nicolay,"
Goalkeeper",goalkeeper
127,Helmut Haller,"
Forward",forward
128,José Torres,"
Striker",forward
129,Coen Moulijn,"
Left winger",forward
130,Giacinto Facchetti,"
Left-back",defender
131,Sandro Mazzola,"
ForwardAttacking midfielder","midfielder,forward"
132,Bobby Moore,"
Defender",defender
133,Klaus Urbanczyk,"
Defender",defender
134,Ole Madsen,"
Striker",forward
135,Néstor Combin,"
Forward",forward
136,Georgi Asparuhov,"
Striker",forward
137,Alessandro Mazzola,"
ForwardAttacking midfielder","forward,midfielder"
138,Jim Baxter,"
Left-half",midfielder
139,Franz Beckenbauer,"
Defender",defender
140,Philippe Gondet,"
Striker",forward
141,Ivor Allchurch,"
Inside forward",forward
142,Jakob Kühn,"
Midfielder",midfielder
143,Sigfried Held,"
Attacking midfielder/Forward","midfielder,forward"
144,Alan Ball,"
Midfielder",midfielder
145,János Farkas,"
Striker",forward
146,Geoff Hurst,"
Striker",forward
147,Gordon Banks,"
Goalkeeper",goalkeeper
148,Tony Dunne,"
Left-back",defender
149,Willi Schulz,"
Centre back, Sweeper",defender
150,Igor Chislenko,"
Forward",forward
151,Jimmy Johnstone,"
Outside right",forward
152,Tommy Gemmell,"
Left back",defender
153,Gerd Müller,"
Striker",forward
154,George Best,"
WingerAttacking midfielder","forward,midfielder"
155,Pirri,"
Midfielder / Sweeper","defender,midfielder"
156,Luigi Riva,"
Forward (association football)#Left-winger",forward
157,Anatoliy Byshovets,,
158,Włodzimierz Lubański,"
Forward",forward
159,Zvezdan Čebinac,"
Midfielder",midfielder
160,Wolfgang Overath,"
Attacking Midfielder",midfielder
161,Nikola Kotkov,"
Striker",forward
162,Louis Pilot,"
Midfielder",midfielder
163,Pedro de Felipe,"
Defender",defender
164,Zygfryd Szołtysik,"
midfielder",midfielder
165,Ove Kindvall,"
Striker",forward
166,Johan Cruijff,,
167,Jørn Bjerregaard,"
Striker",forward
168,Dragan Džajić,"
Left winger",forward
169,Antal Dunai,"
Striker",forward
170,Albert Shesternyov,"
Libero",defender
171,Lajos Szucs,,
172,Jack Charlton,"
Centre back",defender
173,Angelo Domenghini,"
Forward/Winger",forward
174,Mirsad Fazlagić,"
Defender",defender
175,Murtaz Khurtsilava,"
Defender",defender
176,Ivica Osim,"
Midfielder",midfielder
177,Pierino Prati,"
Striker",forward
178,Petar Zhekov,"
Forward",forward
179,Franny Lee,"
Forward",forward
180,Martin Peters,"
Midfielder",midfielder
181,Jozef Adamec,"
Forward",forward
182,Angelo Sormani,"
Striker",forward
183,Giorgos Sideris,"
Striker",forward
184,Manuel Velázquez,"
Midfielder",midfielder
185,Billy Bremner,"
Midfielder",midfielder
186,Kazimierz Deyna,"
Attacking midfielder",midfielder
187,Mimis Domazos,"
Attacking midfielder",midfielder
188,Gilbert Gress,"
Midfielder, forward","forward,midfielder"
189,Vladimir Muntyan,"
Midfielder",midfielder
190,Wilfried Van Moer,"
Midfielder",midfielder
191,Ivo Viktor,"
Goalkeeper",goalkeeper
192,Rinus Israël,"
Defender",defender
193,Willem van Hanegem,"
Midfielder",midfielder
194,Terence Cooper,"
Defender",defender
195,Josip Skoblar,"
Forward",forward
196,Cornel Dinu,"
SweeperDefensive midfielder","defender,midfielder"
197,Jean Djorkaeff,"
Defender",defender
198,Florea Dumitrache,"
Striker",forward
199,Franz Hasil,"
Midfielder",midfielder
200,Hansi Kreische,"
Striker",forward
201,Carles Rexach,"
Winger",forward
202,Günter Netzer,"
Attacking midfielder",midfielder
203,Martin Chivers,"
Forward",forward
204,Piet Keizer,"
Left winger",forward
205,Yevgeniy Rudakov,"
Goalkeeper",goalkeeper
206,Berti Vogts,"
Defender",defender
207,Terry Cooper,"
Left back",defender
208,Francis Lee,"
Forward",forward
209,Barry Hulshoff,"
Defender",defender
210,Hristo Bonev,"
Attacking midfielder",midfielder
211,Gerrie Mühren,"
Midfielder",midfielder
212,Paul Breitner,"
Left-back, midfielder","midfielder,defender"
213,Giorgio Chinaglia,"
Striker",forward
214,Johnny Giles,"
Midfielder",midfielder
215,John Greig,"
Defender",defender
216,Johan Neeskens,"
Centre Midfielder",midfielder
217,Marius Trésor,"
Defender",defender
218,Dino Zoff,"
Goalkeeper",goalkeeper
219,Ralf Edström,"
Forward",forward
220,Uli Hoeneß,"
Forward",forward
221,Juan Manuel Asensi,"
Midfielder",midfielder
222,Jan Tomaszewski,"
Goalkeeper",goalkeeper
223,Hans-Jürgen Kreische,"
Striker",forward
224,Roland Sandberg,"
Striker",forward
225,Pat Jennings,"
Goalkeeper",goalkeeper
226,Vladislav Bogićević,"
Midfielder",midfielder
227,Grzegorz Lato,"Association football careerPosition(s)
WingerSenior career*Years
Team
Apps
(Gls)1966–1980
Stal Mielec
295
(117)1980–1982
Lokeren
64
(12)1982–1984
Atlante
45
(16)Total

404
(145)National team1971–1984
Poland
100
(45)Teams managed1988–1990
North York Rockets1991–1993
Stal Mielec1993–1995
Olimpia Poznań1995–1996
Amica Wronki1996–1997
Stal Mielec1997
AO Kavala1999
Widzew Łódź
Honours






Men's football


Representing  Poland


FIFA World Cup



1974 West Germany




1982 Spain



Olympic Games



 1972 Munich 
Team



 1976 Montreal 
Team


* Senior club appearances and goals counted for the domestic league only",forward
228,Robert Gadocha,"
Left Winger",forward
229,Jürgen Sparwasser,"
Midfielder",midfielder
230,Ronnie Hellström,"
Goalkeeper",goalkeeper
231,Jerzy Gorgoń,"
Defender",defender
232,Sepp Maier,"
Goalkeeper",goalkeeper
233,Oleg Blokhin,"
Forward",forward
234,Rainer Bonhof,"
Midfielder",midfielder
235,Jean-Marc Guillou,"
Midfielder",midfielder
236,Branko Oblak,"
Midfielder",midfielder
237,Ruud Geels,"
Second striker / Attacking midfielder","midfielder,forward"
238,Jupp Heynckes,"
Forward",forward
239,Colin Todd,"
Central defender",defender
240,Dudu Georgescu,"
Striker",forward
241,Peter Lorimer,"
Attacking midfielder",midfielder
242,Josip Katalinski,"
Defender",defender
243,Ján Pivarník,"
Right back",defender
244,Leonid Buryak,"
Midfielder",midfielder
245,Jürgen Croy,"
Goalkeeper",goalkeeper
246,João Resende Alves,"
Attacking midfielder",midfielder
247,Don Givens,"
Forward",forward
248,Allan Simonsen,"
Striker",forward
249,Rob Rensenbrink,"
Left winger, Forward",forward
250,Kevin Keegan,"
Forward",forward
251,Michel Platini,"Association football careerPosition(s)
Attacking midfielderYouth career1966–1972
AS Jœuf1972
NancySenior career*Years
Team
Apps
(Gls)1972–1979
Nancy
181
(98)1979–1982
Saint-Étienne
104
(58)1982–1987
Juventus
147
(68)Total

432
(224)National team1975–1976
France Olympic
7
(4)1976–1987
France[3]
72
(41)1988
Kuwait[4]
1
(0)Teams managed1988–1992
France
Honours






Men's football


Representing  France


FIFA World Cup



1986 México



UEFA European Championship


Winner
1984 France



* Senior club appearances and goals counted for the domestic league only",midfielder
252,Anton Ondrus,"
Sweeper",defender
253,Ivan Ćurković,"
Goalkeeper",goalkeeper
254,Marian Masny,"
Winger",forward
255,Franco Causio,"
Right winger",forward
256,Tibor Nyilasi,"
Midfielder",midfielder
257,Jaroslav Pollak,"
Midfielder",midfielder
258,Roberto Bettega,"
Forward",forward
259,Joachim Streich,"
Striker",forward
260,Gerard Janvion,"
Defender",defender
261,Dieter Müller,"
Striker",forward
262,Santillana,"
Striker",forward
263,Benny Wendt,"
Forward",forward
264,Dominique Rocheteau,"
Winger",forward
265,Dominique Bathenay,"
Midfielder[1]",midfielder
266,Ali Cemal,,
267,Klaus Fischer,"
Forward",forward
268,Emlyn Hughes,"
Defender, midfielder","midfielder,defender"
269,Steve Heighway,"
Winger",forward
270,Trevor Brooking,"
Midfielder",midfielder
271,Anders Linderoth,"
Midfielder",midfielder
272,Ruud Krol,"
Left back, Sweeper",defender
273,Heinz Flohe,"
Midfielder",midfielder
274,Peter Shilton,"
Goalkeeper",goalkeeper
275,Giancarlo Antognoni,"
Attacking midfielder",midfielder
276,Jürgen Grabowski,"
Forward, Midfielder","forward,midfielder"
277,Ray Kennedy,"
Midfielder, centre-forward","forward,midfielder"
278,Hans Krankl,"
Striker",forward
279,Gordon McQueen,"
Defender",defender
280,Andras Toroczik,,
281,Paolo Rossi,"
Striker",forward
282,Kenny Dalglish,"
Forward",forward
283,Arie Haan,"
Midfielder",midfielder
284,René van de Kerkhof,"
Right Winger",forward
285,Antonio Cabrini,"
Left-back",defender
286,Willy van de Kerkhof,"
Midfielder",midfielder
287,Graeme Souness,"
Midfielder[1]",midfielder
288,Zdenek Nehoda,"
Striker",forward
289,Archie Gemmill,"
Midfielder",midfielder
290,Zbigniew Boniek,"Association football careerPosition(s)

Midfielder
Forward
Sweeper
Youth career1966–1973
Zawisza BydgoszczSenior career*Years
Team
Apps
(Gls)1973–1975
Zawisza Bydgoszcz
41
(14)1975–1982
Widzew Łódź
172
(50)1982–1985
Juventus
81
(14)1985–1988
Roma
76
(17)Total

367
(95)National team1976–1988
Poland
80
(24)Teams managed1990–1991
Lecce1991–1992
Bari1992–1993
Sambenedettese1994–1996
Avellino2002
Poland
* Senior club appearances and goals counted for the domestic league only","forward,midfielder,defender"
291,Hansi Müller,"
Midfielder",midfielder
292,Karl-Heinz Rummenigge,"
Forward",forward
293,Didier Six,"
Left winger",forward
294,Francois Van Der Elst,"
Winger",forward
295,Manfred Kaltz,"
Right-back",defender
296,Trevor Francis,"
Forward",forward
297,Liam Brady,,
298,Kees Kist,"
Forward",forward
299,Johnny Rep,"
Right winger",forward
300,Tony Woodcock,"
Striker",forward
301,Safet Sušić,"
Attacking midfieldersecond striker","midfielder,forward"
302,Uli Stielike,"
Midfielder, Sweeper","midfielder,defender"
303,Bruno Pezzey,"
Defender",defender
304,Simon Tahamata,"
Left winger",forward
305,Antonin Panenka,"
Attacking midfielder",midfielder
306,Walter Schachner,"
Striker",forward
307,Bernd Schuster,"
Midfielder",midfielder
308,Jan Ceulemans,"
Attacking midfielder",midfielder
309,Horst Hrubesch,"
Centre forward",forward
310,Herbert Prohaska,"
Midfielder",midfielder
311,Erwin Vandenbergh,"
Striker",forward
312,Luis Arconada,"
Goalkeeper",goalkeeper
313,Viv Anderson,"
Defender",defender
314,Francesco Graziani,"
Forward",forward
315,Terry McDermott,"
Midfielder",midfielder
316,Manuel Bento,"
Goalkeeper",goalkeeper
317,Ladislav Vizek,"
Striker",forward
318,Frank Arnesen,"
Midfielder",midfielder
319,David O'Leary,"
Centre back",defender
320,Vladimir Petrović,"
Midfielder",midfielder
321,Alessandro Altobelli,"
Forward",forward
322,Marcel Raducanu,"
Attacking midfielder",midfielder
323,Ramaz Shengelia,"
Striker",forward
324,Alexsandr Chivadze,,
325,John Wark,"
Midfielder",midfielder
326,David Kipiani,"
Attacking midfielder",midfielder
327,Maxime Bossis,"
Defender",defender
328,Zlatko Vujović,"
Striker",forward
329,Bryan Robson,"
Midfielder",midfielder
330,Frank Stapleton,"
Forward",forward
331,Wlodzimierz Smolarek,"
Striker",forward
332,Frans Thijssen,"
Midfielder",midfielder
333,Antonio Oliveira,"
Right back",defender
334,Jesus Zamora,"
Midfielder",midfielder
335,Alain Giresse,"
Midfielder",midfielder
336,Bruno Conti,"
Winger",forward
337,Rinat Dassaev,"
Goalkeeper",goalkeeper
338,Pierre Littbarski,"
Attacking midfielder, winger","forward,midfielder"
339,Gaetano Scirea,"
Defender",defender
340,Eric Gerets,"
Right back",defender
341,Torbjörn Nilsson,"
Striker",forward
342,Marco Tardelli,"
Midfielder, defender","midfielder,defender"
343,Gordon Strachan,"
Midfielder",midfielder
344,Felix Magath,"
Central midfielder, attacking midfielder",midfielder
345,Jean Marie Pfaff,"
Goalkeeper",goalkeeper
346,Jesper Olsen,"
Left winger",forward
347,Fernando Gomes,"
Striker",forward
348,Frankie Vercauteren,,
349,Ian Rush,"
Forward[4]",forward
350,Morten Olsen,"
Sweeper, defensive midfielder","defender,midfielder"
351,Norman Whiteside,"
MidfielderStriker","forward,midfielder"
352,Michael Laudrup,"
Attacking midfielder, forward","midfielder,forward"
353,Carlos Manuel Santos,"
Forward",forward
354,Vasilis Hatzipanagis,"
Midfielder",midfielder
355,Glenn Hysén,"
Defender",defender
356,Costica Stefanescu,"
Centre-back",defender
357,Fedor Cherenkov,"
Midfielder",midfielder
358,Ruud Gullit,"
Forward, midfielder, defender","midfielder,defender,forward"
359,Soren Lerby,"
Midfielder",midfielder
360,Stoicho Mladenov,,
361,Rudi Völler,"
Forward",forward
362,Jean Tigana,"
Central midfielder",midfielder
363,Preben Elkjar-Larsen,,
364,Fernando Chalana,"
Winger",forward
365,Harald Schumacher,"
Goalkeeper",goalkeeper
366,Enzo Scifo,"
Attacking midfielder",midfielder
367,Klaus Allofs,"
Striker",forward
368,Hans-Peter Briegel,"
Left backCentre backDefensive midfielder","defender,midfielder"
369,Rui Jordao,"
Striker",forward
370,Paul McStay,"
Midfielder",midfielder
371,Mark Hateley,"
Centre forward",forward
372,Silviu Lung,"
Goalkeeper",goalkeeper
373,Antonio Maceda,"
Centre back",defender
374,Oleg Protassov,"
Forward",forward
375,Luis Fernandez,"
Defensive midfielder",midfielder
376,Rafael Gordillo,"
Wingback",defender
377,Emilio Butragueno,"
Striker",forward
378,John Sivebak,,
379,Gheorghe Hagi,,
380,Neville Southall,"
Goalkeeper",goalkeeper
381,Lajos Detari,"
Midfielder",midfielder
382,Vahid Halilhodžić,"
Forward",forward
383,Peter Reid,"
Defensive midfielder",midfielder
384,Steve Archibald,"
Striker",forward
385,Anatoli Demianenko,"
Left Back, Left Winger","forward,defender"
386,Georgi Dimitrov,"
Centre-back",defender
387,Gary Stevens,"
Defender",defender
388,Andreas Thom,"
Forward",forward
389,Igor Belanov,"
Striker",forward
390,Gary Lineker,"
Striker",forward
391,Manuel Amoros,"
Right back",defender
392,Alexander Zavarov,"
Attacking midfielder  Left-backLeft wing-back","midfielder,defender"
393,Helmuth Ducadam,"
Goalkeeper",goalkeeper
394,Marco van Basten,"
Striker",forward
395,Paulo Futre,"
Winger",forward
396,Pavel Yakovenko,"
Midfielder",midfielder
397,Karl-Heinz Förster,"
Centre back",defender
398,Lothar Matthäus,"
Midfielder, sweeper","midfielder,defender"
399,Míchel del Campo,"
Midfielder",midfielder
400,John Barnes,"
Left winger",forward
401,Gianluca Vialli,"
Striker",forward
402,Anton Polster,"
Striker",forward
403,Paul McGrath,"
Centre back[1]",defender
404,Rodion Camataru,"
Striker",forward
405,Heinz Hermann,"
Midfielder",midfielder
406,Ally McCoist,"
Striker",forward
407,Joszef Mlynarczyk,,
408,Peter Beardsley,"
Forward, Midfielder","forward,midfielder"
409,Glenn Hoddle,"
Midfielder",midfielder
410,Sokol Kushta,"
Striker",forward
411,Dimitris Saravakos,"
Winger, Attacking midfielder","forward,midfielder"
412,Frank Rijkaard,"
Defensive midfielder, centre-back","defender,midfielder"
413,Alexei Mikhailitchenko,,
414,Ronald Koeman,"
Defender, midfielder","defender,midfielder"
415,Jürgen Klinsmann,"
Striker",forward
416,Franco Baresi,"
Defender",defender
417,Tanju Colak,"
Striker",forward
418,Oleg Kuznetsov,"
Central defender",defender
419,Flemming Povlsen,"
Forward",forward
420,Michel Preud'homme,"
Goalkeeper",goalkeeper
421,Walter Zenga,"
Goalkeeper",goalkeeper
422,Roberto Mancini,,
423,Dejan Savićević,"
Attacking midfielder / Winger","midfielder,forward"
424,Dragan Stojković,"
Midfielder",midfielder
425,Jean Pierre Papin,"
Striker",forward
426,Andreas Brehme,"
Left back, left wing-back, left midfielder","defender,midfielder"
427,Karl-Heinz Riedle,"
Striker",forward
428,Pat Bonner,"
Goalkeeper",goalkeeper
429,Andreas Möller,"
Attacking midfielder",midfielder
430,Julio Salinas,"
Centre forward",forward
431,Thomas Hässler,"
Midfielder",midfielder
432,Roby Langers,"
Striker",forward
433,Paolo Maldini,"
Defender",defender
434,Theo Snelders,"
Goalkeeper",goalkeeper
435,Salvatore Schillaci,"
Striker",forward
436,Paul Gascoigne,"
Attacking midfielder",midfielder
437,Roberto Baggio,"
Forward, attacking midfielder","forward,midfielder"
438,Guido Buchwald,"
Defender",defender
439,Rafael Martín Vásquez,,
440,Robert Prosinečki,"
Midfielder",midfielder
441,Des Walker,"
Centre-back",defender
442,David Platt,"
Midfielder",midfielder
443,Chris Waddle,"
Winger, attacking midfielder","midfielder,forward"
444,Darko Pančev,"
Forward",forward
445,Miodrag Belodedici,"
Sweeper",defender
446,Mark Hughes,"
Striker, Midfielder","midfielder,forward"
447,Aitor Beguiristain,"
Winger, forward",forward
448,Bruno Martini,"
Goalkeeper",goalkeeper
449,Dean Saunders,"
Striker",forward
450,Hristo Stoichkov,"
Forward",forward
451,Stéphane Chapuisat,"
Striker",forward
452,Laurent Blanc,"
Centre-back[4]",defender
453,Thomas Doll,"
Attacking midfielder",midfielder
454,Stefan Effenberg,"
Central midfielder",midfielder
455,Guy Hellers,"
Midfielder",midfielder
456,Gianluca Pagliuca,"
Goalkeeper",goalkeeper
457,Gary Pallister,"
Centre-back[1]",defender
458,Dennis Bergkamp,"
Forward",forward
459,Peter Schmeichel,"
Goalkeeper",goalkeeper
460,Brian Laudrup,"
Forward[1][2][3] Winger[4][5]  Midfielder[6]","forward,midfielder"
461,Henrik Larsen,"
Midfielder",midfielder
462,John Jensen,"
Central midfielder",midfielder
463,Henrik Andersen,"
Left-back",defender
464,Tomas Brolin,"
Midfielder, forward","midfielder,forward"
465,Rune Bratseth,"
Sweeper",defender
466,Andreas Herzog,"
Attacking midfielder",midfielder
467,Eric Cantona,"Association football careerPosition(s)
Forward[4]Youth career1980–1981
SO Les Caillols1981–1983
AuxerreSenior career*Years
Team
Apps
(Gls)1983–1988
Auxerre
82
(23)1985–1986
→ Martigues (loan)
15
(4)1988–1991
Marseille
40
(13)1989
→ Bordeaux (loan)
11
(6)1989–1990
→ Montpellier (loan)
33
(10)1991
Nîmes
16
(2)1992
→ Leeds United (loan)
11
(3)1992
Leeds United
17
(6)1992–1997
Manchester United
143
(64)Total

368
(131)National team
France U17


France U21

1987–1995
France
45
(20)1997–2006
France (beach)

Teams managed1997–2011
France (beach)2011–2012
New York Cosmos (director of soccer)
* Senior club appearances and goals counted for the domestic league only",forward
468,Alen Bokšić,"
Forward",forward
469,Emil Kostadinov,"
Striker, winger",forward
470,Ryan Giggs,"
Midfielder",midfielder
471,Basile Boli,"
Defender",defender
472,Jari Litmanen,"
Attacking midfielderSecond striker","forward,midfielder"
473,Dino Baggio,"
Midfielder",midfielder
474,Sergei Kiriakov,"
Winger / Striker",forward
475,Franck Sauzée,"
Midfielder,[4] sweeper[4]","defender,midfielder"
476,Giuseppe Signori,"
Striker, left winger",forward
477,Martin Dahlin,"
Striker",forward
478,Georges Grün,"
Defender",defender
479,Stelios Manolas,"
Center back",defender
480,Thomas Ravelli,"
Goalkeeper",goalkeeper
481,Marcel Desailly,"
Centre-back, defensive midfielder","midfielder,defender"
482,Yordan Letchkov,"
Midfielder",midfielder
483,Krassimir Balakov,"
Attacking midfielder",midfielder
484,José Luis Caminero,"
Midfielder",midfielder
485,Philippe Albert,"
Defender",defender
486,Otto Konrad,"
Goalkeeper",goalkeeper
487,Ciriaco Sforza,"
Midfielder",midfielder
488,Kennet Andersson,"
Forward",forward
489,Zvonimir Boban,"
Attacking midfielder",midfielder
490,Josep Guardiola,"
Defensive midfielder",midfielder
491,George Weah,"Association football careerPosition(s)
StrikerYouth career1981–1984
Young Survivors ClaratownSenior career*Years
Team
Apps
(Gls)1985–1986
Bong Range United
2
(1)1985–1986
Mighty Barrolle
10
(7)1986–1987
Invincible Eleven
23
(24)1987
Africa Sports
2
(1)1987–1988
Tonnerre Yaoundé
18
(14)1988–1992
Monaco
103
(47)1992–1995
Paris Saint-Germain
96
(32)1995–2000
AC Milan
114
(46)2000
→ Chelsea (loan)
11
(3)2000
Manchester City
7
(1)2000–2001
Marseille
19
(5)2001–2003
Al Jazira
8
(13)Total

413
(194)National team1986–2002, 2018
Liberia
75
(18)
* Senior club appearances and goals counted for the domestic league only",forward
492,Alessandro Del Piero,"
Forward",forward
493,Patrick Kluivert,"
Striker",forward
494,Gianfranco Zola,"
Forward",forward
495,Marc Overmars,"
Winger",forward
496,Matthias Sammer,"
Defensive midfielder Sweeper","midfielder,defender"
497,Fabrizio Ravanelli,"
Striker",forward
498,Paulo Manuel Sousa,"
Defensive midfielder",midfielder
499,Davor Šuker,"Association football careerPosition(s)
StrikerYouth career1984
OsijekSenior career*Years
Team
Apps
(Gls)1984–1989
Osijek
91
(40)1989–1991
Dinamo Zagreb
60
(34)1991–1996
Sevilla
153
(76)1996–1999
Real Madrid
86
(38)1999–2000
Arsenal
22
(8)2000–2001
West Ham United
11
(2)2001–2003
1860 Munich
25
(5)Total

448
(203)National team1987
Yugoslavia U20
6
(6)1988–1990
Yugoslavia U21
10
(7)1988
Yugoslavia U23
2
(0)1990–1991
Yugoslavia
2
(1)1990–2002
Croatia
69
(45)
Honours






Men's football


Representing  Yugoslavia


Winner
FIFA U-20 World Cup
1987


Runner-up
UEFA U-21 Euro
1990


Representing  Croatia



FIFA World Cup
1998


* Senior club appearances and goals counted for the domestic league only",forward
500,Fernando Hierro,"
Defender, defensive midfielder","midfielder,defender"
501,Gabriel Batistuta,"
Striker",forward
502,Finidi George,"
Winger",forward
503,Anthony Yeboah,"
Striker",forward
504,Ronaldo,"
Striker",forward
505,Juan Esnaider,"
Striker",forward
506,Iván Zamorano,"
Striker",forward
507,Vítor Manuel Baía,"
Goalkeeper",goalkeeper
508,Bebeto,"Association football careerPosition(s)
ForwardYouth career1981
Bahia1981–1982
VitóriaSenior career*Years
Team
Apps
(Gls)1982
Vitória

(7)1983–1989
Flamengo
80
(34)1989–1992
Vasco da Gama
53
(28)1992–1996
Deportivo de La Coruña
131
(86)1996
Flamengo
15
(7)1996–1997
Sevilla
5
(0)1997
Vitória
8
(8)1997
Cruzeiro
0
(0)1998–1999
Botafogo
17
(9)1999
Toros Neza
8
(2)2000
Kashima Antlers
8
(1)2000
Vitória
3
(0)2001
Vasco da Gama
8
(2)2002
Al-Ittihad
5
(1)Total

341
(178)National team1985–1998
Brazil
75
(39)Teams managed2009–2010
America (RJ)
Honours






Men's Football


Representing  Brazil


FIFA World Cup


Winner
1994 USA



Runner-up
1998 France



FIFA Confederations Cup


Winner
1997 Saudi Arabia



Copa América


Winner
1989 Brazil



Olympic Games



1988 Seoul
Team



1996 Atlanta
Team


FIFA U–20 World Cup


Winner
1983 Mexico



South American U-20 Championship


Winner
1983 Bolivia



* Senior club appearances and goals counted for the domestic league only",forward
509,Luis Figo,"
Midfielder",midfielder
510,Alan Shearer,"Association football careerPosition(s)
StrikerYouth career000
Wallsend Boys Club1986–1988
SouthamptonSenior career*Years
Team
Apps
(Gls)1988–1992
Southampton
118
(23)1992–1996
Blackburn Rovers
138
(112)1996–2006
Newcastle United
303
(148)Total

559
(283)National team1990–1992
England U21
11
(13)1992
England B
1
(0)1992–2000
England
63
(30)Teams managed2009
Newcastle United (interim)
* Senior club appearances and goals counted for the domestic league only",forward
511,Ian Wright,"
Striker",forward
512,Youri Djorkaeff,"
Attacking midfielderForward","midfielder,forward"
513,Karel Poborsky,"
Winger",forward
514,Nwankwo Kanu,"
Forward[2]",forward
515,Andreas Köpke,"
Goalkeeper",goalkeeper
516,Predrag Mijatovic,"
Striker",forward
517,Didier Deschamps,"
Defensive midfielder",midfielder
518,Kubilay Turkyilmaz,"
Striker",forward
519,David Seaman,"
Goalkeeper",goalkeeper
520,Raúl González,"
Forward",forward
521,Christian Ziege,"
Left wing-back",defender
522,Patrick Berger,"
Left winger, attacking midfielder","forward,midfielder"
523,Trifon Ivanov,"
Centre-back",defender
524,Radek Bejbl,"
Midfielder",midfielder
525,Manuel Rui Costa,"Association football careerPosition(s)
Attacking midfielderYouth career1977–1990
BenficaSenior career*Years
Team
Apps
(Gls)1990–1994
Benfica
78
(13)1990–1991
→ Fafe (loan)
38
(6)1994–2001
Fiorentina
215
(38)2001–2006
AC Milan
124
(4)2006–2008
Benfica
43
(5)Total

498
(66)National team1990
Portugal U18
4
(1)1991
Portugal U20
11
(1)1992–1994
Portugal U21
19
(7)1993–2004
Portugal
94
(26)
Honours






Men's football


Representing  Portugal


UEFA European Championship


Runner-up
2004 Portugal




2000 Belgium-Netherlands



FIFA U-20 World Cup


Winner
1991 Portugal



UEFA European Under-21 Championship


Runner-up
1994 France



* Senior club appearances and goals counted for the domestic league only",midfielder
526,Ronald de Boer,"
Attacking midfielder, forward","forward,midfielder"
527,Sergi Barjuan,"
Left-back",defender
528,Zinedine Zidane,"
Midfielder",midfielder
529,Roberto Carlos,"
Left-back",defender
530,Christian Vieri,"
Striker",forward
531,Jürgen Köhler,"
Centre-back",defender
532,Luis Enrique Martínez,"
Midfielder / Forward","forward,midfielder"
533,Clarence Seedorf,"
Midfielder",midfielder
534,David Beckham,"Association football careerPosition(s)
MidfielderYouth career
Ridgeway Rovers1987–1991
Tottenham Hotspur1989–1991
→ Brimsdown Rovers (loan)1991–1993
Manchester UnitedSenior career*Years
Team
Apps
(Gls)1992–2003
Manchester United
265
(62)1994–1995
→ Preston North End (loan)
5
(2)2003–2007
Real Madrid
116
(13)2007–2012
LA Galaxy
98
(18)2009
→ AC Milan (loan)
18
(2)2010
→ AC Milan (loan)
11
(0)2013
Paris Saint-Germain
10
(0)Total

523
(97)National team1992–1993
England U18
3
(0)1994–1996
England U21
9
(0)1996–2009
England
115
(17)
* Senior club appearances and goals counted for the domestic league only",midfielder
535,Olaf Thon,"
Midfielder, defender","defender,midfielder"
536,Juninho Oswaldo,"

Midfielder
Inside forward
","forward,midfielder"
537,Lilian Thuram,"
Defender",defender
538,Oliver Bierhoff,"
Striker",forward
539,Angelo Peruzzi,"
Goalkeeper",goalkeeper
540,Raí Souza de Oliveira,"
Attacking midfielder",midfielder
541,Victor Ikpeba,"
Forward",forward
542,Ciro Ferrara,"
Fullback",defender
543,Rivaldo,"
Attacking midfielder / Forward","forward,midfielder"
544,Bent Skammelsrud,"
Midfielder",midfielder
545,Michael Owen,"
Striker",forward
546,Edgar Davids,"
Defensive midfielder",midfielder
547,Frank de Boer,"
Defender",defender
548,Emmanuel Petit,"
Midfielder",midfielder
549,Fabien Barthez,"
Goalkeeper",goalkeeper
550,Bixente Lizarazu,"
Left back",defender
551,Nikos Mahlas,"
Striker",forward
552,Andriy Shevchenko,"
Striker",forward
553,Roy Keane,"
Midfielder",midfielder
554,Juan Sebastián Verón,"
Midfielder",midfielder
555,Dwight Yorke,"
ForwardMidfielder","midfielder,forward"
556,Jaap Stam,"
Centre-back",defender
557,Siniša Mihajlović,"
Defender",defender
558,Zlatko Zahovič,"
Attacking midfielder",midfielder
559,Pavel Nedved,"
WingerAttacking midfielder","midfielder,forward"
560,Mario Jardel,"
Striker",forward
561,Mario Basler,"
Right midfielder",midfielder
562,Hernán Crespo,"
Striker",forward
563,Andy Cole,"
Striker",forward
564,David Ginola,"
Winger, midfielder","midfielder,forward"
565,Claudio López,"
Forward",forward
566,Marcelo Salas,"
Striker",forward
567,Thierry Henry,"
Striker",forward
568,Alessandro Nesta,"
Centre back[2]",defender
569,Gaizka Mendieta,"
Midfielder",midfielder
570,Francesco Toldo,"
Goalkeeper",goalkeeper
571,Francesco Totti,"
Attacking midfielder, forward","forward,midfielder"
572,Hakan Şükür,"
Striker",forward
573,Fernando Redondo,"
Defensive midfielder",midfielder
574,David Trezeguet,"
Striker",forward
575,Oliver Kahn,"
Goalkeeper",goalkeeper
576,Henrik Larsson,"
Striker",forward
577,Giovane Élber,"
Striker",forward
578,Damiano Tommasi,"
Midfielder",midfielder
579,Sami Hyypia,"
Centre-back",defender
580,Emmanuel Olisadebe,"
Striker",forward
581,Ebbe Sand,"
Forward",forward
582,Steven Gerrard,"
Midfielder",midfielder
583,Michael Ballack,"
Midfielder",midfielder
584,Yildiray Bastürk,"
Attacking midfielder",midfielder
585,Hasan Sas,"
Winger",forward
586,Ronaldinho,"
Attacking midfielder, winger","forward,midfielder"
587,Ruud van Nistelrooy,"
Striker",forward
588,Bernd Schneider,"
Midfielder",midfielder
589,Juan Carlos Valerón,"
Attacking midfielder",midfielder
590,Cafu,"
Right back",defender
591,Patrick Vieira,"
Midfielder",midfielder
592,Lucio,"
Centre-back",defender
593,Pape Bouba Diop,"
Defensive midfielder, centre back","midfielder,defender"
594,El-Hadji Diouf,"
Winger, forward",forward
595,Rio Ferdinand,"
Centre-back",defender
596,Rubén Baraja,"
Central midfielder",midfielder
597,Filippo Inzaghi,"
Striker",forward
598,Roy Makaay,"
Centre-forward",forward
599,Gianluigi Buffon,"
Goalkeeper",goalkeeper
600,Dida,"
Goalkeeper",goalkeeper
601,Deco,"
Midfielder",midfielder
602,Nihat Kahveci,"
Forward",forward
603,Zlatan Ibrahimović,,
604,Jan Koller,"
Striker",forward
605,Adrian Mutu,"
Forward, winger",forward
606,Theodoros Zagorakis,"
Central midfielder",midfielder
607,Adriano Ribeiro Leite,"
Striker",forward
608,Wayne Rooney,"
Forward, midfielder[3]","forward,midfielder"
609,Ricardo Carvalho,"
Centre back",defender
610,Angelos Charisteas,"
Forward",forward
611,Cristiano Ronaldo,"
Forward",forward
612,Milan Baros,"
Striker",forward
613,Samuel Eto'o,"
Striker",forward
614,Kaká,"
Attacking midfielder",midfielder
615,Traianos Dellas,"
Centre back",defender
616,Fernando Morientes,"
Striker",forward
617,Frank Lampard,Midfielder,midfielder
618,Didier Drogba,"
Striker",forward
619,Ludovic Giuly,"
Winger",forward
620,Maniche,"
Central midfielder",midfielder
621,Antonios Nikopolidis,"
Goalkeeper",goalkeeper
622,Vicente Rodríguez,"
Winger",forward
623,John Terry,"
Centre-back",defender
624,Juninho Pernambucano,"
Midfielder",midfielder
625,Claude Makélélé,"
Defensive midfielder[4]",midfielder
626,Juan Riquelme,"
Attacking midfielder",midfielder
627,Petr Cech,"Association football careerPosition(s)
Goalkeeper[3]Youth career1989–1999
Viktoria PlzeňSenior career*Years
Team
Apps
(Gls)1999–2001
Chmel Blšany
27
(0)2001–2002
Sparta Prague
27
(0)2002–2004
Rennes
70
(0)2004–2015
Chelsea
333
(0)2015–2019
Arsenal
110
(0)Total

567
(0)National team1997–1998
Czech Republic U15
3
(0)1998–1999
Czech Republic U16
15
(0)1999
Czech Republic U17
3
(0)1999–2000
Czech Republic U18
13
(0)2000–2001
Czech Republic U20
7
(0)2001–2002
Czech Republic U21
15
(0)2002–2016
Czech Republic
124
(0)
Honours






Men's football


Representing  Czech Republic


UEFA European Under-21 Championship


Winner
2002 Switzerland



* Senior club appearances and goals counted for the domestic league onlyIce hockey careerHeight
196 cm (6 ft 5 in)Weight
92 kg (203 lb; 14 st 7 lb)Position
GoaltenderCatches
rightPlayed for
Guildford PhoenixPlaying career
2019–present",goalkeeper
628,Jamie Carragher,"
Defender",defender
629,Michael Essien,"
Midfielder",midfielder
630,Luis Garcia,"
Winger, attacking midfielder","forward,midfielder"
631,Fabio Cannavaro,"
Centre-back",defender
632,Miroslav Klose,"
Striker",forward
633,Andrea Pirlo,"
Midfielder",midfielder
634,Jens Lehmann,"
Goalkeeper",goalkeeper
635,Franck Ribéry,"
Winger",forward
636,Gennaro Gattuso,"
Defensive midfielder",midfielder
637,Lukas Podolski,"
Forward[3]",forward
638,Carles Puyol,"
Defender",defender
639,Lionel Messi,,
640,Luca Toni,"
Striker",forward
641,Gianluca Zambrotta,"
Full-back",defender
642,Philipp Lahm,"
Full-back",defender
643,David Villa,"
Striker",forward
644,Ruud Van Nistelrooy,"
Striker",forward
645,Cesc Fàbregas,"
Midfielder",midfielder
646,Robinho,"
Forward",forward
647,Frédéric Kanouté,"
Striker",forward
648,Dani Alves,"
Right-back",defender
649,Iker Casillas,"
Goalkeeper",goalkeeper
650,Rógerio Ceni,"
Goalkeeper",goalkeeper
651,Younis Mahmoud,"
Forward",forward
652,Dimitar Berbatov,"
Striker",forward
653,Guillermo Ochoa,"
Goalkeeper",goalkeeper
654,Carlos Tévez,"
Forward",forward
655,Robin Van Persie,"
Striker",forward
656,Fernando Torres,"
Striker",forward
657,Xavi,"
Midfielder",midfielder
658,Andrei Arshavin,"
Winger, Attacking midfielder","midfielder,forward"
659,Marcos Senna,"
Central midfielder",midfielder
660,Emmanuel Adebayor,"
Striker",forward
661,Sergio Agüero,"
Striker",forward
662,Sergio Ramos,"
Defender",defender
663,Nemanja Vidić,"
Centre-back",defender
664,Edwin van der Sar,"
Goalkeeper",goalkeeper
665,Andrés Iniesta,"
Midfielder",midfielder
666,Edin Džeko,"
Striker",forward
667,Luís Fabiano Clemente,"
Striker",forward
668,Diego Forlán,"
Forward",forward
669,Yoann Gourcuff,"
Attacking midfielder",midfielder
670,Júlio César Soares Espíndola,"
Goalkeeper",goalkeeper
671,Maicon,"
Right-back, Right wing-back",defender
672,Diego Ribas da Cunha,"
Attacking midfielder, central midfielder",midfielder
673,Yaya Touré,"
Midfielder",midfielder
674,Wesley Sneijder,"
Attacking midfielder",midfielder
675,Xabi Alonso,"
Midfielder",midfielder
676,Mesut Özil,"
Attacking midfielder",midfielder
677,Arjen Robben,"
Winger",forward
678,Thomas Müller,"
Attacking midfielder, forward","midfielder,forward"
679,Bastian Schweinsteiger,"
Midfielder",midfielder
680,Asamoah Gyan,"
Striker",forward
681,Júlio César,"
Goalkeeper",goalkeeper
682,Luis Suárez Díaz,"
Striker",forward
683,Neymar,"
Forward",forward
684,Éric Abidal,"
Defender",defender
685,Karim Benzema,"
Striker",forward
686,Nani,"
Winger",forward
687,Gerard Piqué,"
Centre-back",defender
688,Radamel Falcao,"
Striker",forward
689,Robin van Persie,"
Striker",forward
690,Manuel Neuer,"
Goalkeeper",goalkeeper
691,Sergio Busquets,"
Defensive midfielder",midfielder
692,Mario Balotelli,"
Striker",forward
693,Gareth Bale,"
Winger",forward
694,Robert Lewandowski,"
Striker",forward
695,Edinson Cavani,"
Striker",forward
696,Thiago Silva,"
Centre back",defender
697,Eden Hazard,"
Winger, attacking midfielder","forward,midfielder"
698,James Rodríguez,"
Attacking midfielderWinger","midfielder,forward"
699,Toni Kroos,"
Midfielder",midfielder
700,Ángel Di María,"
WingerAttacking midfielder","midfielder,forward"
701,Diego Costa,"
Striker",forward
702,Mario Götze,"
Attacking midfielder,[3] forward[4]","forward,midfielder"
703,Javier Mascherano,"
Centre-back / Defensive midfielder","midfielder,defender"
704,Thibaut Courtois,"
Goalkeeper",goalkeeper
705,Paul Pogba,"
Midfielder",midfielder
706,Alexis Sánchez,"
Forward",forward
707,Arturo Vidal,"
Midfielder",midfielder
708,Kevin De Bruyne,"
Midfielder[3]",midfielder
709,Ivan Rakitić,"
Midfielder",midfielder
710,Antoine Griezmann,"
Forward",forward
711,Riyad Mahrez,"
Winger",forward
712,Jamie Vardy,"
Striker",forward
713,Pepe,"
Centre back",defender
714,Pierre-Emerick Aubameyang,"
Striker",forward
715,Rui Patrício,"
Goalkeeper",goalkeeper
716,Luka Modrić,"
Midfielder",midfielder
717,Dimitri Payet,"
Attacking midfielder",midfielder
718,Paulo Dybala,"
Forward, attacking midfielder","midfielder,forward"
719,Diego Godín,"
Centre-back",defender
720,Gonzalo Higuaín,"
Striker",forward
721,Koke,"
Midfielder",midfielder
722,Hugo Lloris,"
Goalkeeper",goalkeeper
723,Kylian Mbappé,"
Forward",forward
724,N'Golo Kanté,"
Central midfielder",midfielder
725,Harry Kane,"
Striker",forward
726,Isco,"
Attacking midfielder",midfielder
727,Marcelo,"
Left-back",defender
728,David de Gea,"
Goalkeeper",goalkeeper
729,Leonardo Bonucci,"
Centre-back",defender
730,Sadio Mané,"
Forward / Winger[4]",forward
731,Jan Oblak,"
Goalkeeper",goalkeeper
732,Mats Hummels,"
Centre-back",defender
733,Philippe Coutinho,"
Attacking midfielder / Winger","midfielder,forward"
734,Dries Mertens,"
Forward",forward
735,Mohamed Salah,"
Forward",forward
736,Raphaël Varane,"
Centre-back",defender
737,Roberto Firmino,"
Forward, attacking midfielder","forward,midfielder"
738,Alisson,"
Goalkeeper",goalkeeper
739,Mario Mandžukić,"
Striker",forward
